{"cameraMode":{"drawMode":0,"name":"Shaded","section":"Shading Mode"},"sceneLighting":false,"audioPlay":false,"sceneViewState":{"showFog":true,"showMaterialUpdate":false,"showSkybox":true,"showFlares":true,"showImageEffects":true,"showParticleSystems":true},"in2DMode":false,"pivot":{"x":0.0,"y":7.450580596923828e-9,"z":-3.743412494659424},"rotation":{"x":0.04877869412302971,"y":0.950813353061676,"z":-0.23056243360042573,"w":0.20114801824092866},"size":1.4205926656723023,"orthographic":false}