{"cameraMode":{"drawMode":0,"name":"Shaded","section":"Shading Mode"},"sceneLighting":false,"audioPlay":false,"sceneViewState":{"showFog":true,"showMaterialUpdate":false,"showSkybox":true,"showFlares":true,"showImageEffects":true,"showParticleSystems":true},"in2DMode":false,"pivot":{"x":384.760009765625,"y":61.29999923706055,"z":405.8999938964844},"rotation":{"x":0.26931947469711306,"y":0.08940453827381134,"z":-0.025122467428445817,"w":0.958572506904602},"size":27.48604393005371,"orthographic":false}