{"cameraMode":{"drawMode":0,"name":"Shaded","section":"Shading Mode"},"sceneLighting":false,"audioPlay":false,"sceneViewState":{"showFog":true,"showMaterialUpdate":false,"showSkybox":true,"showFlares":true,"showImageEffects":true,"showParticleSystems":true},"in2DMode":false,"pivot":{"x":427.53436279296877,"y":1.9541165828704835,"z":307.42999267578127},"rotation":{"x":0.2099505215883255,"y":0.08904199302196503,"z":-0.01908969320356846,"w":0.9735140800476074},"size":8.78884506225586,"orthographic":true}