{"cameraMode":{"drawMode":0,"name":"Shaded","section":"Shading Mode"},"sceneLighting":false,"audioPlay":false,"sceneViewState":{"showFog":true,"showMaterialUpdate":false,"showSkybox":true,"showFlares":true,"showImageEffects":true,"showParticleSystems":true},"in2DMode":false,"pivot":{"x":0.000007916241884231567,"y":-0.000009425915777683258,"z":17.999996185302736},"rotation":{"x":0.17226679623126985,"y":-0.054934266954660419,"z":0.00971815176308155,"w":0.983522355556488},"size":49.52345275878906,"orthographic":true}