{"cameraMode":{"drawMode":0,"name":"Shaded","section":"Shading Mode"},"sceneLighting":false,"audioPlay":false,"sceneViewState":{"showFog":true,"showMaterialUpdate":false,"showSkybox":true,"showFlares":true,"showImageEffects":true,"showParticleSystems":true},"in2DMode":false,"pivot":{"x":62.599998474121097,"y":53.599998474121097,"z":538.1599731445313},"rotation":{"x":0.26931947469711306,"y":0.08940453827381134,"z":-0.025122467428445817,"w":0.958572506904602},"size":73.06949615478516,"orthographic":false}