{"cameraMode":{"drawMode":0,"name":"Shaded","section":"Shading Mode"},"sceneLighting":false,"audioPlay":false,"sceneViewState":{"showFog":true,"showMaterialUpdate":false,"showSkybox":true,"showFlares":true,"showImageEffects":true,"showParticleSystems":true},"in2DMode":false,"pivot":{"x":239.3000030517578,"y":-1.1920928955078126e-7,"z":109.19999694824219},"rotation":{"x":0.26931947469711306,"y":0.08940453827381134,"z":-0.025122467428445817,"w":0.958572506904602},"size":43.98653793334961,"orthographic":false}