{"cameraMode":{"drawMode":0,"name":"Shaded","section":"Shading Mode"},"sceneLighting":false,"audioPlay":false,"sceneViewState":{"showFog":true,"showMaterialUpdate":false,"showSkybox":true,"showFlares":true,"showImageEffects":true,"showParticleSystems":true},"in2DMode":false,"pivot":{"x":67.38838195800781,"y":23.179115295410158,"z":268.3586730957031},"rotation":{"x":0.13067014515399934,"y":0.42103278636932375,"z":-0.06143636628985405,"w":0.8954913020133972},"size":48.52616882324219,"orthographic":false}