{"cameraMode":{"drawMode":0,"name":"Shaded","section":"Shading Mode"},"sceneLighting":false,"audioPlay":false,"sceneViewState":{"showFog":true,"showMaterialUpdate":false,"showSkybox":true,"showFlares":true,"showImageEffects":true,"showParticleSystems":true},"in2DMode":false,"pivot":{"x":0.0,"y":1.4901161193847657e-8,"z":0.049611955881118777},"rotation":{"x":0.04877869412302971,"y":0.950813353061676,"z":-0.23056243360042573,"w":0.20114801824092866},"size":1.516677975654602,"orthographic":false}